<?xml version="1.2.1" encoding="UTF-8" standalone="yes"?>
<addon id="plugin.program.tgg" name="[COLOR teal]TGG Wizard[/COLOR]" version="1.2.1" provider-name="unknownTGG">
  <requires>
    <import addon="xbmc.python" version="2.1.0"/>
  </requires>
  <extension point="xbmc.python.pluginsource" library="default.py">
    <provides>executable</provides>
  </extension>
  <extension point="xbmc.service" library="startup.py" start="startup" />
  <extension point="xbmc.addon.metadata">
    <summary lang="en">[B][COLOR teal]TGG Wizard[/COLOR][/B]</summary>
    <description lang="en">Fork of Aftermath Wizard, containing [B][COLOR teal]SpecialK[/COLOR] build[/B]</description>
    <platform>all</platform>
  </extension>
</addon>
