<?xml version="1.0" encoding="UTF-8" standalone="yes"?>
<addon id="plugin.program.tgg" name="[B][COLOR teal]TGG Wizard[/COLOR][/B]" version="1.0" provider-name="unknownTGG">
    <extension point="xbmc.addon.repository" name="TGG Repository">
        <dir>
            <info compressed="false">https://raw.githubusercontent.com/unknownTGG/repo.tggwizard/master/zips/addons.xml</info>
            <checksum>https://raw.githubusercontent.com/unknownTGG/repo.tggwizard/master/zips/addons.xml.md5</checksum>
            <datadir zip="true">https://raw.githubusercontent.com/unknownTGG/repo.tggwizard/master/zips/</datadir>
        </dir>
    </extension>
    <extension point="xbmc.addon.metadata">
        <summary>[B][COLOR teal]TGG Wizard[/COLOR][/B]</summary>
        <description>Fork of Aftermath Wizard, containing [B][COLOR teal]SpecialK[/COLOR] build[/B]</description>
        <disclaimer></disclaimer>
        <platform>all</platform>
        <assets>
            <icon>icon.png</icon>
            <fanart>fanart.jpg</fanart>
        </assets>
    </extension>
</addon>
