<?xml version="1.1" encoding="UTF-8" standalone="yes"?>
<addon id="repository.tgg" name="[B][COLOR teal]TGG Repository[/COLOR][/B]" version="1.1" provider-name="unknownTGG">
    <extension point="xbmc.addon.repository" name="TGG Repository">
        <dir>
            <info compressed="false">https://raw.githubusercontent.com/unknownTGG/unknowntgg.github.io/master/zips/addons.xml</info>
            <checksum>https://raw.githubusercontent.com/unknownTGG/unknowntgg.github.io/master/zips/addons.xml.md5</checksum>
            <datadir zip="true">https://raw.githubusercontent.com/unknownTGG/unknowntgg.github.io/master/zips/</datadir>
        </dir>
    </extension>
    <extension point="xbmc.addon.metadata">
        <summary>[B][COLOR teal]TGG Repository[/COLOR][/B]</summary>
        <description>The official TGG Repository.</description>
        <disclaimer></disclaimer>
        <platform>all</platform>
        <assets>
            <icon>icon.png</icon>
            <fanart>fanart.jpg</fanart>
        </assets>
    </extension>
</addon>
